Symbol,Type,VAF,CNA call
AR,snp,1,
ACVR2A,frameshift,0.9565,
KMT2C,frameshift,0.8899,
NRG1,frameshift,0.6709,
WNK2,frameshift,0.6538,
BRCA2,frameshift,0.5946,
NOTCH2,frameshift,0.587,
MEN1,frameshift,0.5789,
EBF1,snp,0.5714,
BAX,frameshift,0.5692,
JAK1,frameshift,0.5571,
NRP1,frameshift,0.5564,
CACNA1D,snp,0.5517,
FAT3,frameshift,0.5455,
CRTC1,frameshift,0.5441,
TP63,snp,0.5437,
RNF6,frameshift,0.5278,
SPEN,frameshift,0.5179,
MRTFA,frameshift,0.5152,
ZNF93,frameshift,0.5152,
RB1,splice_variant,0.5148,
HERC2,frameshift,0.5106,
TP53,frameshift,0.5094,
RPL22,frameshift,0.5,
FANCE,frameshift,0.5,
ARHGEF12,frameshift,0.4911,
MCM3AP,frameshift,0.4825,
USP8,snp,0.481,
BARD1,frameshift,0.478,
BRIP1,snp,0.4737,
ARID1A,frameshift,0.4722,
CBFB,frameshift,0.4639,
KDM3B,frameshift,0.4571,
BIRC6,frameshift,0.4563,
FLCN,frameshift,0.4545,
ASXL1,frameshift,0.45,
EPHA7,frameshift,0.4495,
CUX1,frameshift,0.4429,
TET1,snp,0.427,
TCF7L2,snp,0.4255,
PIK3CA,snp,0.4141,
EP300,frameshift,0.3902,
NCOA1,snp,0.3803,
PTPN14,frameshift,0.3214,
ZFHX3,frameshift,0.3051,
WRN,frameshift,0.3026,
KMT2D,snp,0.3021,
